{
  "accuracy": 0.7860696517412935,
  "roc_auc": 0.8292212599199673,
  "classification_report": {
    "0": {
      "precision": 0.8345521023765996,
      "recall": 0.8838334946757018,
      "f1-score": 0.8584861307005172,
      "support": 1033.0
    },
    "1": {
      "precision": 0.6166134185303515,
      "recall": 0.516042780748663,
      "f1-score": 0.5618631732168851,
      "support": 374.0
    },
    "accuracy": 0.7860696517412935,
    "macro avg": {
      "precision": 0.7255827604534755,
      "recall": 0.6999381377121825,
      "f1-score": 0.7101746519587011,
      "support": 1407.0
    },
    "weighted avg": {
      "precision": 0.7766209952277036,
      "recall": 0.7860696517412935,
      "f1-score": 0.7796396587041573,
      "support": 1407.0
    }
  },
  "confusion_matrix": [
    [
      913,
      120
    ],
    [
      181,
      193
    ]
  ]
}